annotation_id,phrase_id,order,tokens,token_ids,tag,category,subcategory,type
PH-00001-A1,PH-00001,1,Mi,PH-00001-T1,POSS-GEN,Possessive,Genitive,
PH-00001-A2,PH-00001,2,gato,PH-00001-T2,NOUN-ANIM,Noun,Animate,Animate
PH-00001-A3,PH-00001,3,negro,PH-00001-T3,ADJ-INT-COLOR,Adjective,Intersective,Color
PH-00001-A4,PH-00001,4,pequeño,PH-00001-T4,ADJ-NINT-SIZE,Adjective,Non-intersective,Size
PH-00002-A1,PH-00002,1,Un,PH-00002-T1,ART-INDEF,Article,Indefinite,
PH-00002-A2,PH-00002,2,gato,PH-00002-T2,NOUN-ANIM,Noun,Animate,Animate
PH-00002-A3,PH-00002,3,blanco,PH-00002-T3,ADJ-INT-COLOR,Adjective,Intersective,Color
PH-00002-A4,PH-00002,4,pequeño,PH-00002-T4,ADJ-NINT-SIZE,Adjective,Non-intersective,Size
PH-00002-A5,PH-00002,5,en la calle,"PH-00002-T5, PH-00002-T6, PH-00002-T7",PP,Prepositional Phrase,,
PH-00003-A1,PH-00003,1,Muchos,PH-00003-T1,QUANT-EXIST,Quantifier,Existential,
PH-00003-A2,PH-00003,2,perros,PH-00003-T2,NOUN-ANIM,Noun,Animate,Animate
PH-00003-A3,PH-00003,3,grandes,PH-00003-T3,ADJ-NINT-SIZE,Adjective,Non-intersective,Size
PH-00004-A1,PH-00004,1,Muchos,PH-00004-T1,QUANT-EXIST,Quantifier,Existential,
PH-00004-A2,PH-00004,2,perros,PH-00004-T2,NOUN-ANIM,Noun,Animate,Animate
PH-00004-A3,PH-00004,3,callejeros,PH-00004-T3,ADJ-NINT-QUAL,Adjective,Non-intersective,Qualifier
PH-00004-A4,PH-00004,4,en el refugio,"PH-00004-T4, PH-00004-T5, PH-00004-T6",PP,Prepositional Phrase,,
PH-00005-A1,PH-00005,1,Su,PH-00005-T1,POSS-GEN,Possessive,Genitive,
PH-00005-A2,PH-00005,2,nuevo,PH-00005-T2,ADJ-NINT-AGE,Adjective,Non-intersective,Age
PH-00005-A3,PH-00005,3,coche,PH-00005-T3,NOUN-INANIM-OBJECT,Noun,Inanimate,Object
PH-00005-A4,PH-00005,4,rojo,PH-00005-T4,ADJ-INT-COLOR,Adjective,Intersective,Color
PH-00006-A1,PH-00006,1,Un,PH-00006-T1,ART-INDEF,Article,Indefinite,
PH-00006-A2,PH-00006,2,nuevo,PH-00006-T2,ADJ-NINT-AGE,Adjective,Non-intersective,Age
PH-00006-A3,PH-00006,3,coche,PH-00006-T3,NOUN-INANIM-OBJECT,Noun,Inanimate,Object
PH-00006-A4,PH-00006,4,eléctrico,PH-00006-T4,ADJ-NINT-QUAL,Adjective,Non-intersective,Qualifier
PH-00006-A5,PH-00006,5,para la familia,"PH-00006-T5, PH-00006-T6, PH-00006-T7",PP,Prepositional Phrase,,
PH-00007-A1,PH-00007,1,Mis,PH-00007-T1,POSS-GEN,Possessive,Genitive,
PH-00007-A2,PH-00007,2,zapatos,PH-00007-T2,NOUN-INANIM-OBJECT,Noun,Inanimate,Object
PH-00007-A3,PH-00007,3,marrones,PH-00007-T3,ADJ-INT-COLOR,Adjective,Intersective,Color
PH-00007-A4,PH-00007,4,viejos,PH-00007-T4,ADJ-NINT-AGE,Adjective,Non-intersective,Age
PH-00008-A1,PH-00008,1,Unos,PH-00008-T1,ART-INDEF,Article,Indefinite,
PH-00008-A2,PH-00008,2,zapatos,PH-00008-T2,NOUN-INANIM-OBJECT,Noun,Inanimate,Object
PH-00008-A3,PH-00008,3,negros,PH-00008-T3,ADJ-INT-COLOR,Adjective,Intersective,Color
PH-00008-A4,PH-00008,4,viejos,PH-00008-T4,ADJ-NINT-AGE,Adjective,Non-intersective,Age
PH-00009-A1,PH-00009,1,Muchos,PH-00009-T1,QUANT-EXIST,Quantifier,Existential,
PH-00009-A2,PH-00009,2,libros,PH-00009-T2,NOUN-INANIM-OBJECT,Noun,Inanimate,Object
PH-00009-A3,PH-00009,3,interesantes,PH-00009-T3,ADJ-NINT-QUAL,Adjective,Non-intersective,Qualifier
PH-00010-A1,PH-00010,1,Muchos,PH-00010-T1,QUANT-EXIST,Quantifier,Existential,
PH-00010-A2,PH-00010,2,libros,PH-00010-T2,NOUN-INANIM-OBJECT,Noun,Inanimate,Object
PH-00010-A3,PH-00010,3,antiguos,PH-00010-T3,ADJ-NINT-AGE,Adjective,Non-intersective,Age
PH-00010-A4,PH-00010,4,sobre historia,"PH-00010-T4, PH-00010-T5",PP,Prepositional Phrase,,
PH-00012-A1,PH-00012,1,Una,PH-00012-T1,ART-INDEF,Article,Indefinite,
PH-00012-A2,PH-00012,2,casa,PH-00012-T2,NOUN-INANIM-OBJ,Noun,Inanimate,Object
PH-00012-A3,PH-00012,3,moderna,PH-00012-T3,ADJ-NINT-QUAL,Adjective,Non-intersective,Qualifier
PH-00012-A4,PH-00012,4,grande,PH-00012-T4,ADJ-NINT-SIZE,Adjective,Non-intersective,Size
PH-00012-A5,PH-00012,5,con jardín,"PH-00012-T5, PH-00012-T6",PP,Prepositional Phrase,,
PH-00013-A1,PH-00013,1,Nuestra,PH-00013-T1,POSS-GEN,Possessive,Genitive,
PH-00013-A2,PH-00013,2,mesa,PH-00013-T2,NOUN-INANIM-OBJECT,Noun,Inanimate,Object
PH-00013-A3,PH-00013,3,redonda,PH-00013-T3,ADJ-INT-SHAPE,Adjective,Intersective,Shape
PH-00013-A4,PH-00013,4,pequeña,PH-00013-T4,ADJ-NINT-SIZE,Adjective,Non-intersective,Size
PH-00014-A1,PH-00014,1,Tu,PH-00014-T1,POSS-GEN,Possessive,Genitive,
PH-00014-A2,PH-00014,2,casa,PH-00014-T2,NOUN-INANIM-OBJ,Noun,Inanimate,Object
PH-00014-A3,PH-00014,3,blanca,PH-00014-T3,ADJ-INT-COLOR,Adjective,Intersective,Color
PH-00014-A4,PH-00014,4,grande,PH-00014-T4,ADJ-NINT-SIZE,Adjective,Non-intersective,Size
PH-00015-A1,PH-00015,1,La,PH-00015-T1,ART-DEF,Article,Definite,
PH-00015-A2,PH-00015,2,mesa,PH-00015-T2,NOUN-INANIM-OBJECT,Noun,Inanimate,Object
PH-00015-A3,PH-00015,3,cuadrada,PH-00015-T3,ADJ-INT-SHAPE,Adjective,Intersective,Shape
PH-00015-A4,PH-00015,4,pequeña,PH-00015-T4,ADJ-NINT-SIZE,Adjective,Non-intersective,Size
PH-00016-A1,PH-00016,1,Muchos,PH-00016-T1,QUANT-EXIST,Quantifier,Existential,
PH-00016-A2,PH-00016,2,niños,PH-00016-T2,NOUN-ANIM,Noun,Animate,Animate
PH-00016-A3,PH-00016,3,felices,PH-00016-T3,ADJ-NINT-QUAL,Adjective,Non-intersective,Qualifier
PH-00017-A1,PH-00017,1,Mi,PH-00017-T1,POSS-GEN,Possessive,Genitive,
PH-00017-A2,PH-00017,2,amigo,PH-00017-T2,NOUN-ANIM,Noun,Animate,Animate
PH-00017-A3,PH-00017,3,francés,PH-00017-T3,ADJ-INT-MAT,Adjective,Intersective,Material
PH-00017-A4,PH-00017,4,nuevo,PH-00017-T4,ADJ-NINT-AGE,Adjective,Non-intersective,Age
PH-00018-A1,PH-00018,1,Un,PH-00018-T1,ART-INDEF,Article,Indefinite,
PH-00018-A2,PH-00018,2,amigo,PH-00018-T2,NOUN-ANIM,Noun,Animate,Animate
PH-00018-A3,PH-00018,3,especial,PH-00018-T3,ADJ-NINT-QUAL,Adjective,Non-intersective,Qualifier
PH-00018-A4,PH-00018,4,nuevo,PH-00018-T4,ADJ-NINT-AGE,Adjective,Non-intersective,Age
PH-00018-A5,PH-00018,5,de la universidad,"PH-00018-T5, PH-00018-T6, PH-00018-T7",PP,Prepositional Phrase,,
PH-00019-A1,PH-00019,1,Sus,PH-00019-T1,POSS-GEN,Possessive,Genitive,
PH-00019-A2,PH-00019,2,flores,PH-00019-T2,NOUN-ANIM,Noun,Animate,
PH-00019-A3,PH-00019,3,amarillas,PH-00019-T3,ADJ-INT-COLOR,Adjective,Intersective,Color
PH-00019-A4,PH-00019,4,pequeñas,PH-00019-T4,ADJ-NINT-SIZE,Adjective,Non-intersective,Size
PH-00020-A1,PH-00020,1,Unas,PH-00020-T1,ART-INDEF,Article,Indefinite,
PH-00020-A2,PH-00020,2,flores,PH-00020-T2,NOUN-ANIM,Noun,Animate,
PH-00020-A3,PH-00020,3,silvestres,PH-00020-T3,ADJ-NINT-QUAL,Adjective,Non-intersective,Qualifier
PH-00020-A4,PH-00020,4,pequeñas,PH-00020-T4,ADJ-NINT-SIZE,Adjective,Non-intersective,Size
PH-00021-A1,PH-00021,1,Nuestro,PH-00021-T1,POSS-GEN,Possessive,Genitive,
PH-00021-A2,PH-00021,2,perro,PH-00021-T2,NOUN-ANIM,Noun,Animate,Animate
PH-00021-A3,PH-00021,3,gris,PH-00021-T3,ADJ-INT-COLOR,Adjective,Intersective,Color
PH-00021-A4,PH-00021,4,viejo,PH-00021-T4,ADJ-NINT-AGE,Adjective,Non-intersective,Age
PH-00022-A1,PH-00022,1,Un,PH-00022-T1,ART-INDEF,Article,Indefinite,
PH-00022-A2,PH-00022,2,perro,PH-00022-T2,NOUN-ANIM,Noun,Animate,Animate
PH-00022-A3,PH-00022,3,ciego,PH-00022-T3,ADJ-NINT-QUAL,Adjective,Non-intersective,Qualifier
PH-00022-A4,PH-00022,4,viejo,PH-00022-T4,ADJ-NINT-AGE,Adjective,Non-intersective,Age
PH-00022-A5,PH-00022,5,del parque,"PH-00022-T5, PH-00022-T6",PP,Prepositional Phrase,,
PH-00023-A1,PH-00023,1,Muchos,PH-00023-T1,QUANT-EXIST,Quantifier,Existential,
PH-00023-A2,PH-00023,2,sueños,PH-00023-T2,NOUN-INANIM-OBJ,Noun,Inanimate,Object
PH-00023-A3,PH-00023,3,raros,PH-00023-T3,ADJ-NINT-QUAL,Adjective,Non-intersective,Qualifier
PH-00024-A1,PH-00024,1,Muchos,PH-00024-T1,QUANT-EXIST,Quantifier,Existential,
PH-00024-A2,PH-00024,2,sueños,PH-00024-T2,NOUN-INANIM-OBJ,Noun,Inanimate,Object
PH-00024-A3,PH-00024,3,vividos,PH-00024-T3,ADJ-NINT-QUAL,Adjective,Non-intersective,Qualifier
PH-00024-A4,PH-00024,4,de su infancia,"PH-00024-T4, PH-00024-T5, PH-00024-T6",PP,Prepositional Phrase,,
PH-00025-A1,PH-00025,1,Su,PH-00025-T1,POSS-GEN,Possessive,Genitive,
PH-00025-A2,PH-00025,2,coche,PH-00025-T2,NOUN-INANIM-OBJECT,Noun,Inanimate,Object
PH-00025-A3,PH-00025,3,azul,PH-00025-T3,ADJ-INT-COLOR,Adjective,Intersective,Color
PH-00025-A4,PH-00025,4,nuevo,PH-00025-T4,ADJ-NINT-AGE,Adjective,Non-intersective,Age
PH-00026-A1,PH-00026,1,Muchos,PH-00026-T1,QUANT-EXIST,Quantifier,Existential,
PH-00026-A2,PH-00026,2,niños,PH-00026-T2,NOUN-ANIM,Noun,Animate,Animate
PH-00026-A3,PH-00026,3,pequeños,PH-00026-T3,ADJ-NINT-SIZE,Adjective,Non-intersective,Size