lex_id,sense_id,word_form,language,gloss,phrase_ids
LEX-0001,LEX-0001-S1,Mi,Spanish,my,PH-00001
LEX-0001,LEX-0001-S2,Mi,Spanish,GEN.1SG,PH-00017
LEX-0002,LEX-0002-S1,gato,Spanish,cat.MASC.SG,PH-00001; PH-00002
LEX-0003,LEX-0003-S1,negro,Spanish,black.MASC.SG,PH-00001
LEX-0004,LEX-0004-S1,pequeño,Spanish,small.MASC.SG,PH-00001; PH-00002
LEX-0005,LEX-0005-S1,Un,Spanish,a.MASC.SG,PH-00002; PH-00006; PH-00018; PH-00022
LEX-0006,LEX-0006-S1,blanco,Spanish,white.MASC.SG,PH-00002
LEX-0007,LEX-0007-S1,en,Spanish,in,PH-00002; PH-00004
LEX-0008,LEX-0008-S1,la,Spanish,the.FEM.SG,PH-00002; PH-00006; PH-00015; PH-00018
LEX-0009,LEX-0009-S1,calle,Spanish,street,PH-00002
LEX-0010,LEX-0010-S1,Muchos,Spanish,many.MASC.PL,PH-00003; PH-00004; PH-00009; PH-00010; PH-00016; PH-00023; PH-00024; PH-00026
LEX-0011,LEX-0011-S1,perros,Spanish,dog.MASC.PL,PH-00003; PH-00004
LEX-0012,LEX-0012-S1,grandes,Spanish,big.MASC.PL,PH-00003
LEX-0013,LEX-0013-S1,callejeros,Spanish,stray.MASC.PL,PH-00004
LEX-0014,LEX-0014-S1,el,Spanish,the.MASC.SG,PH-00004
LEX-0015,LEX-0015-S1,refugio,Spanish,shelter,PH-00004
LEX-0016,LEX-0016-S1,Su,Spanish,GEN.3SG,PH-00005
LEX-0016,LEX-0016-S2,Su,Spanish,GEN.3SG,PH-00024; PH-00025
LEX-0017,LEX-0017-S1,nuevo,Spanish,new.MASC.SG,PH-00005; PH-00006; PH-00017; PH-00018; PH-00025
LEX-0018,LEX-0018-S1,coche,Spanish,car,PH-00005; PH-00006; PH-00025
LEX-0019,LEX-0019-S1,rojo,Spanish,red.MASC.SG,PH-00005
LEX-0020,LEX-0020-S1,eléctrico,Spanish,electric.MASC.SG,PH-00006
LEX-0021,LEX-0021-S1,para,Spanish,for,PH-00006
LEX-0022,LEX-0022-S1,familia,Spanish,family,PH-00006
LEX-0023,LEX-0023-S1,Mis,Spanish,GEN.PL,PH-00007
LEX-0024,LEX-0024-S1,zapatos,Spanish,shoe.PL,PH-00007; PH-00008
LEX-0025,LEX-0025-S1,marrones,Spanish,brown.PL,PH-00007
LEX-0026,LEX-0026-S1,viejos,Spanish,old.MASC.PL,PH-00007; PH-00008
LEX-0027,LEX-0027-S1,Unos,Spanish,a.MASC.PL,PH-00008
LEX-0028,LEX-0028-S1,negros,Spanish,black.MASC.PL,PH-00008
LEX-0029,LEX-0029-S1,libros,Spanish,book.MASC.PL,PH-00009; PH-00010
LEX-0030,LEX-0030-S1,interesantes,Spanish,interesting.PL,PH-00009
LEX-0031,LEX-0031-S1,antiguos,Spanish,antique.MASC.PL,PH-00010
LEX-0032,LEX-0032-S1,sobre,Spanish,about,PH-00010
LEX-0033,LEX-0033-S1,historia,Spanish,history,PH-00010
LEX-0034,LEX-0034-S2,Tu,Spanish,GEN.2SG,PH-00014
LEX-0035,LEX-0035-S1,casa,Spanish,house,PH-00011; PH-00012; PH-00014; PH-00027; PH-00028; PH-00029
LEX-0036,LEX-0036-S1,blanca,Spanish,white.FEM.SG,PH-00011; PH-00014; PH-00027; PH-00028; PH-00029
LEX-0037,LEX-0037-S1,grande,Spanish,big,PH-00011; PH-00012; PH-00014; PH-00027; PH-00028; PH-00029
LEX-0038,LEX-0038-S1,Una,Spanish,a.FEM.SG,PH-00012
LEX-0039,LEX-0039-S1,moderna,Spanish,modern.FEM.SG,PH-00012
LEX-0040,LEX-0040-S1,con,Spanish,with,PH-00012
LEX-0041,LEX-0041-S1,jardín,Spanish,garden,PH-00012
LEX-0042,LEX-0042-S1,Nuestra,Spanish,GEN.1PL,PH-00013
LEX-0043,LEX-0043-S1,mesa,Spanish,table,PH-00013; PH-00015
LEX-0044,LEX-0044-S1,redonda,Spanish,round.FEM.SG,PH-00013
LEX-0045,LEX-0045-S1,pequeña,Spanish,small.FEM.SG,PH-00013; PH-00015
LEX-0046,LEX-0046-S1,cuadrada,Spanish,squared.FEM.SG,PH-00015
LEX-0047,LEX-0047-S1,niños,Spanish,child.PL,PH-00016; PH-00026
LEX-0048,LEX-0048-S1,felices,Spanish,happy.PL,PH-00016
LEX-0049,LEX-0049-S1,amigo,Spanish,friend.MASC.SG,PH-00017; PH-00018
LEX-0050,LEX-0050-S1,francés,Spanish,French.MASC.SG,PH-00017
LEX-0051,LEX-0051-S1,especial,Spanish,special.SG,PH-00018
LEX-0052,LEX-0052-S1,de,Spanish,of,PH-00018; PH-00024
LEX-0053,LEX-0053-S1,universidad,Spanish,university,PH-00018
LEX-0054,LEX-0054-S1,Sus,Spanish,GEN.PL,PH-00019
LEX-0055,LEX-0055-S1,flores,Spanish,flower.PL,PH-00019; PH-00020
LEX-0056,LEX-0056-S1,amarillas,Spanish,yellow.FEM.PL,PH-00019
LEX-0057,LEX-0057-S1,pequeñas,Spanish,small.FEM.PL,PH-00019; PH-00020
LEX-0058,LEX-0058-S1,Unas,Spanish,a.FEM.PL,PH-00020
LEX-0059,LEX-0059-S1,silvestres,Spanish,wild.PL,PH-00020
LEX-0060,LEX-0060-S1,Nuestro,Spanish,GEN.1PL,PH-00021
LEX-0061,LEX-0061-S1,perro,Spanish,dog.MASC.SG,PH-00021; PH-00022
LEX-0062,LEX-0062-S1,gris,Spanish,grey,PH-00021
LEX-0063,LEX-0063-S1,viejo,Spanish,old.MASC.SG,PH-00021; PH-00022
LEX-0064,LEX-0064-S1,ciego,Spanish,blind.MASC.SG,PH-00022
LEX-0065,LEX-0065-S1,del,Spanish,of.the.MASC.SG,PH-00022
LEX-0066,LEX-0066-S1,parque,Spanish,park,PH-00022
LEX-0067,LEX-0067-S1,sueños,Spanish,dream.PL,PH-00023; PH-00024
LEX-0068,LEX-0068-S1,raros,Spanish,strange.MASC.PL,PH-00023
LEX-0069,LEX-0069-S1,vividos,Spanish,lived.MASC.PL,PH-00024
LEX-0070,LEX-0070-S1,infancia,Spanish,childhood,PH-00024
LEX-0071,LEX-0071-S1,azul,Spanish,blue,PH-00025
LEX-0072,LEX-0072-S1,pequeños,Spanish,small.MASC.SG,PH-00026